X,Y,OBJECTID,ORGANIZATION_NAME,PROGRAM_NAME,DESCRIPTION,WEBSITE_URL,STREET_ADDRESS,CITY,STATE,ZIP,LAT,LONG_,ACCESSIBILITY_SERVICES,ADULT_LITERACY,ART_THERAPY,ASSESSMENT,BORROW_MATERIALS,CASE_MANAGEMENT,CHILD_CARE,CLOTHING,COMPUTERS,DENTAL_SERVICES,DOCUMENTATION_ASSISTANCE,DOMESTIC_VIOLENCE_SERVICES,FOOD_GROCERIES,GROUPS,HAIRCUTS,HARM_REDUCTION,HIV_TESTING,HOUSING,HOUSING_NAVIGATION,INCOME_TAX_HELP,LAUNDRY,LIBRARY_CARD,LEGAL_SERVICES,MEDICAL_BENEFITS,MEDICAL_SERVICES,MAIL,MEALS,MENTAL_HEALTH,MINISTRY,PHONE,PUBLIC_RESTROOMS,REFRESHMENTS,SHOWERS,SNAP_FOOD_STAMPS,STORAGE,SUBSTANCE_ABUSE_TREATMENT,SUPPORTED_EMPLOYMENT,TANF_FINANCIAL_ASSISTANCE,TRANSPORTATION,VOCATIONAL_TRAINING,CLIENTS_SERVED_PER_DAY,TARGET,OPEN_TO_PUBLIC,HOURS_OF_OPERATION,RECORD_LAST_UPDATED,MAR_MATCHADDRESS,MAR_XCOORD,MAR_YCOORD,MAR_LATITUDE,MAR_LONGITUDE,MAR_WARD,MAR_CENSUS_TRACT,MAR_ZIPCODE,MARID,MAR_ERROR,MAR_SCORE,MAR_SOURCEOPERATION,MAR_IGNORE
-76.99191950481665,38.932709457482105,10,Catholic Charities,Refugee Center,"The Refugee Center is a home to welcome refugees and those who have asylum status to Washington, DC. The program helps these families to learn cultural norms about their new community in a safe environment and provides support in finding a job. Our staff understand what it is like to be refugee or asylee — many of them were once refugees themselves!  This allows us to offer services and support that fit the unique experiences of those who had to flee their home and come to the United States.
 In addition to our employment services, we offer refugees referrals for housing, help finding employment and education about the culture and social customs here in America.",https://www.catholiccharitiesdc.org/refugee/,"1018 Monroe Street, NE",Washington ,DC,20017,38.932782,-76.991917,,,,,,,,,,,,,,,,,,,Yes,,,,,,,,,,,,,,,,,,,,,Yes,,,,,2017-09-12T00:00:00.000Z,1018 MONROE STREET NE,400700.81,140535.49,38.932702,-76.99191722,Ward 5,9301,20017,75480,,100,DC Address,
-76.992086087192462,38.931319757315293,11,Catholic Charities,Anchor Counseling Services,"Catholic Charities Behavioral Health Services is one of the highest rated provider in Washington, DC – we are a free-standing mental health clinic who serves as a Core Service Provider for DC Department of Behavioral Health. We provide help for adults living with mental illness that includes furthering education, finding and securing employment, managing medication and providing ongoing case management services.  Following a comprehensive intake, which includes diagnosis, our staff guide clients to a more self-sufficient and healthy lifestyle.",https://www.catholiccharitiesdc.org/behavioralhealth/,"1001 Lawrence St., NE",Washington ,DC,20017,38.931256,-76.992072,,,,,,,,,,,,,,,,,,,,,,,,,,,,Yes,,,,,,,,Yes,,,,,,,,,2017-09-12T00:00:00.000Z,1001 LAWRENCE STREET NE,400686.38,140381.22,38.9313123,-76.9920838,Ward 5,9301,20017,289589,,100,DC Address,
-77.011065459001671,38.898692209955883,12,Central Union Mission,Ministry Resource Center & Shelter,"Central Union Mission is a faith-based 501(c)(3) nonprofit organization with six locations throughout the Washington metropolitan area. In addition to its family ministries, the Mission operates an emergency shelter program, a rehabilitation program for men with life-controlling issues, a food, clothing and furniture distribution center, a retreat and recreation center with a camp for underprivileged children, programs for isolated seniors, computer and job training and transitional and low-cost housing.",http://www.missiondc.org/,"65 Massachusetts Avenue, NW",Washington ,DC,20001,38.898689,-77.011088,,,,,,,,Yes,,,,,Yes,,,,,Yes,,,,,,,,,,,,,,,,,,,,,,,25,Men,Yes,,2017-09-12T00:00:00.000Z,65 MASSACHUSETTS AVENUE NW,399040.32,136759.32,38.89868476,-77.01106317,Ward 6,4702,20001,237153,,100,DC Address,
-77.039990697599521,38.924855482197593,13,Christ House,Medical Care & Housing Services,"Christ House is a 24-hour residential medical facility for homeless persons in DC. Patients are admitted to Christ House from area hospitals, shelters, clinics, and medical outreach projects. They suffer from a variety of illnesses and injuries including cancer, hypertension and stroke, liver disease, kidney failure, diabetes and related amputations, HIV/AIDS, respiratory disease, major lacerations, fractures, and ulcerations of the skin. Many are malnourished, anemic, depressed, and desperately disconnected from healthy sources of support.",http://christhouse.org/,1717 Columbia Road NW,Washington ,DC,,38.924893,-77.039967,,,Yes,,,Yes,,,,,,,,Yes,,,,Yes,,,,,,,Yes,,,,Yes,,,,,,,Yes,,,,,,Men & Women,By Appointment,,2017-09-12T00:00:00.000Z,1717 COLUMBIA ROAD NW,396532.46,139664.36,38.92484802,-77.0399884,Ward 1,3900,20009,235976,,100,DC Address,
-77.030472232353645,38.89866515751887,14,Church of the Epiphany,The Welcome Table,"The mission of The Welcome Table is to feed the hungry, build diverse and inclusive community, worship as one, and give and receive the love of Christ. Approximately 200 downtown poor participate in the various aspects of The Welcome Table every Sunday morning.",http://epiphanydc.org/ministry/welcome-table/,1317 G St. NW,Washington ,DC,20005,38.898739,-77.03042,,,Yes,,,,,,,,,,,,,,,,,,,,,,,,Yes,,Yes,,,,,,,,,,,,29,Men & Women,Yes,,2017-09-12T00:00:00.000Z,1317 G STREET NW,397356.87,136756.7,38.89865771,-77.03046994,Ward 2,5800,20005,279048,,100,DC Address,
-77.029315601341565,38.904205143533439,15,Coalition for the Homeless,Administrative Office,The purpose of the Coalition is to assist individuals and families in the District of Columbia who have become homeless to fulfill their potential for economic self-sufficiency. CFH fulfills its mission by operating and managing 11 program sites in the District of Columbia that includes transitional and permanent housing for men and families with children. ,http://www.dccfh.org/,"1234 Massachusetts Ave, NW, Suite C-1015",Washington ,DC,,38.904188,-77.029267,,,,,,,,,,,,,,,,,,Yes,,,,,,,,,,,,,,,,,,,,,,,,Men & Women,By Appointment,,2017-09-12T00:00:00.000Z,1234 MASSACHUSETTS AVENUE NW,397457.4,137371.65,38.90419769,-77.02931331,Ward 2,10100,20005,240920,,100,DC Address,
-76.994539516173589,38.883646999902851,16,Community Connections,Main Office,"Our mission is to provide behavioral health, residential services, and primary health care coordination for marginalized and disenfranchised women, men, youth, and children living in the District of Columbia, many of whom are coping with challenges including mental illness, addiction, and the aftermath of trauma and abuse. ",http://www.communityconnectionsdc.org/,801 Pennsylvania Ave SE,Washington ,DC,,38.883601,-76.994593,,,,,,,,,,,,,,,,,,,Yes,,,,,,,,,,,,,,,,,,,,,,,Men & Women,,,2017-09-12T00:00:00.000Z,801 PENNSYLVANIA AVENUE SE,400473.97,135089.14,38.88363955,-76.99453724,Ward 6,7000,20003,280150,,100,DC Address,
-76.972159064603289,38.900233090027029,1,Anacostia Community Outreach Center (ACOC),Food Pantry & Computer Center,"For the past 20 years, the ACOC Food Pantry Program has provided free bagged groceries to hungry families, seniors, and single adults. On average, the program hands out approximately 600 bags of groceries per month. In addition, anyone interested in finding employment can come to ACOC, sign up for our job readiness and/or basic computer skills classes, which are instructor led and computer based.  In our fully integrated computer lab, students can take job readiness assessments that gauge their career interest, learn the fundamentals of job research, resume writing and interviewing, as well as basic Microsoft office skills in Word, PowerPoint, and Excel.",http://www.anacostiaoutreach.org/wordpress/,"711 24th Street, NE",Washington ,DC,20002,38.899073,-76.972338,,,,,,,,,Yes,,,,Yes,,,,,,,,,,,,,,,,,,,,,,,,,,,,50,Men & Women,Yes,,2017-09-12T00:00:00.000Z,711 24TH STREET NE,402415.22,136930.68,38.90022564,-76.97215679,Ward 5,8904,20002,291073,,100,DC Address,
-76.993253177286832,38.861403112396452,2,Bethlehem Baptist Outreach Center,BBC Outreach Center,"The BBC Outreach Center provides food, clothing, dinner every Friday (4:00pm-6:00pm), and counseling for all Southeast DC residents (a referral is required for all other residents). ",http://washington.dc.networkofcare.org/mh/services/agency.aspx?pid=BethlehemBaptistChurchOutreachCenter_1347_2_0,2458 Martin Luther King Jr Avenue S,Washington ,DC,20020,38.861387,-76.993271,,,,,,,,Yes,,,,,Yes,,,,,,,,,,,,,,,,Yes,,,,,,,,,,,,15,,Yes,,2017-09-12T00:00:00.000Z,2458 MARTIN LUTHER KING JR AVENUE SE,400585.76,132619.91,38.86139567,-76.9932509,Ward 8,7407,20020,287071,Quad: Missing,85,DC Address,
-76.981056828015213,38.866208121718181,3,Bread for the City,Southeast Center,"The mission of Bread for the City is to help Washington, DC residents living with low income to develop the power to determine the future of their own communities. We provide food, clothing, medical care, and legal and social services to reduce the burden of poverty. We seek justice through community organizing and public advocacy. We work to uproot racism, a major cause of poverty. We are committed to treating our clients with the dignity and respect that all people deserve.",https://breadforthecity.org/,1640 Good Hope Road SE,Washington ,DC,20020,38.86622,-76.98109,,,,,,Yes,,Yes,,,Yes,,Yes,,,,,,Yes,,,,Yes,Yes,,,,,,,,,,Yes,,,,Yes,,,25,Men & Women,By Appointment,,2017-09-12T00:00:00.000Z,1640 GOOD HOPE ROAD SE,401644.18,133153.45,38.86620067,-76.98105455,Ward 8,7605,20020,286380,,100,DC Address,
-77.021627240483525,38.910339433450595,4,Bread for the City,Northwest Center,"The mission of Bread for the City is to help Washington, DC residents living with low income to develop the power to determine the future of their own communities. We provide food, clothing, medical care, and legal and social services to reduce the burden of poverty. We seek justice through community organizing and public advocacy. We work to uproot racism, a major cause of poverty. We are committed to treating our clients with the dignity and respect that all people deserve.",https://breadforthecity.org/,1525 7th Street NW,Washington ,DC,20001,38.910323,-77.021611,,,,,,Yes,,,,Yes,Yes,,Yes,,,,,,Yes,,,,Yes,Yes,Yes,,,Yes,,,,,,Yes,,Yes,,Yes,,,66,Men & Women,By Appointment,,2017-09-12T00:00:00.000Z,1525 7TH STREET NW,398124.44,138052.42,38.91033198,-77.02162495,Ward 6,4801,20001,297622,,100,DC Address,
-77.01335305748043,38.905387342155855,5,Bright Beginnings,Early Child Care Program,"Bright Beginnings is a nationally-accredited child and family development center that offers a bright start for homeless infants, toddlers and preschoolers and their families. Bright Beginnings serves about 162 children every day whose families are living in crisis shelters or transitional housing. Our educational, therapeutic, health and family support services prepares these children for kindergarten and stabilizes their families.",http://www.brightbeginningsinc.org/,128 M St. NW,Washington ,DC,20001,38.905312,-77.012765,,,,,,Yes,Yes,,,,,,,,,,,,,,,,,,,,,,,,,,,,,,,,,,90,Children,Yes,,2017-09-12T00:00:00.000Z,128 M STREET NW,398841.99,137502.56,38.90537989,-77.01335077,Ward 6,4701,20001,279016,,100,DC Address,
-76.986972351446326,38.88146592077937,6,Capital Hill Group Ministries,Shirley's Place,"Shirley’s Place is the only daytime drop-in center in DC for families with children of all ages!  We are proud to have served 2,355 individuals in 2011, a 103% increase since 2010, and will continue to provide daytime hospitality for Ward 6 all year long, Monday-Friday.  All are welcome as we seek to provide our neighbors with opportunities for healthy, fulfilling and productive living.",http://www.chgm.net/programs/services-for-homeless-families/chgms-headquarters-shirleys-place/,1338 G St. SE,Washington ,DC,,38.881469,-76.986952,,,,,,Yes,,,Yes,,,,,Yes,,,,,,,Yes,,,,,,Yes,,,Yes,,,Yes,,,,,,,Yes,,Families,,,2017-09-12T00:00:00.000Z,1338 G STREET SE,401130.56,134847.09,38.88145847,-76.98697007,Ward 6,6900,20003,66900,,100,DC Address,
-77.023159474895294,38.926765559532754,7,Casa Ruby,Drop-Inn Safe Center,"Our Drop Inn-Community Center is the only Bilingual Multicultural LGBT safe space in Washington, DC open 6 days a week, Monday-Saturday from 12-8pm.Our goal is to support the most vulnerable in our LGBT community when need it most. Staff and volunteers working together to provide basic human services to more than 150 clients per week",http://www.casaruby.org/drop.html,2822 Georgia Ave. NW,Washington ,DC,20001,38.926765,-77.023188,,,,,,Yes,,Yes,Yes,,,,,Yes,,,,,Yes,,,,Yes,,,,Yes,,,,,,,,,,,,,,25,Youth,Yes,,2017-09-12T00:00:00.000Z,2822 GEORGIA AVENUE NW,397992.01,139875.89,38.9267581,-77.02315718,Ward 1,3500,20001,232586,,100,DC Address,
-77.025171705927463,38.898121684249176,8,Catholic Charities,Administrative Office,"Catholic Charities assists individuals and families in need, especially those who are most vulnerable. We believe in helping people develop the skills and strength to move from crisis or isolation to stability and growth. We focus on prevention when possible, intervention when needed and advocacy when resources or opportunities are either inadequate or unfair. We are guided in this work by the richness of Catholic Social Teaching.
 We are strengthened through partnerships with other providers, government agencies, foundations, businesses, individuals, schools and churches, especially our Catholic parishes. We collaborate with these resources and other community assets to offer programs that are effective and fiscally sound.",https://www.catholiccharitiesdc.org/aboutus/our-mission/,924 G St. NW,Washington ,DC,,38.897997,-77.025103,,,,,,,,,,,,,,,,,,,Yes,,,,,,,,,,,,,,,,,,,,,,,Men & Women,By Appointment,,2017-09-12T00:00:00.000Z,924 G STREET NW,397816.65,136696.23,38.89811423,-77.02516941,Ward 2,5800,20001,285571,,100,DC Address,
-76.97462496596394,38.884317297879562,9,Catholic Charities,Harriet Tubman Day Program,"Harriet’s Tubman’s Day Program focuses on life skills training for women and is open Monday through Friday, 9 am to 5:00 pm. Breakfast and lunch are served.",https://www.catholiccharitiesdc.org/harriettubman/,1910 Massachusetts Ave. SE Building #27,Washington ,DC,20003,38.88325,-76.972918,,,,,,Yes,,,,,,,,,,,,,Yes,,Yes,,,,,,Yes,,,,,,Yes,,,,,,,,100,Women,No,,2017-09-12T00:00:00.000Z,1910 MASSACHUSETTS AVENUE SE,402201.81,135163.84,38.88430985,-76.97462269,Ward 7,6804,20003,295134,,100,DC Address,
-76.996945286361083,38.885370842020343,17,Community Connections,The Center for Families and Children,"Community Connections is pleased to offer services to children and youth who suffer from mental illness, substance abuse, or a history of trauma. Our goal is to provide high-quality, clinical mental health services focused on the strengths of each individual child and family. Family support and skill building are offered through individual, group, and family-based interventions. Community Connections utilizes the focus and creativity of the entire team to develop flexible and targeted interventions. Problems are recognized in their proper context and addressed through collaborative partnerships with families and their formal and informal support networks.",http://www.communityconnectionsdc.org/our-services/families-children,"650 Pennsylvania Ave., SE",Washington ,DC,,38.885382,-76.996971,,,,Yes,,Yes,,,,,,,,,,,,,,,,,,,,,,Yes,,,,,,,,,,,,,,Families,,,2017-09-12T00:00:00.000Z,650 PENNSYLVANIA AVENUE SE,400265.23,135280.49,38.88536339,-76.996943,Ward 6,6600,20003,280033,,100,DC Address,
-77.015649961421943,38.896310234444933,18,Community Family Life Services,Emergency Services Program,"Community Family Life Services (CFLS) provides emergency food and clothing to homeless and low-income families and individuals, as well as women returning home from a period of incarceration. Our emergency services or drop-in center serves clients in our programs with immediate and unexpected needs and also caters to those with short term needs who may not need ongoing case management or want to be involved long term with the various programs that we provide.",https://www.cflsdc.org/,305 E St. NW,Washington ,DC ,20001,38.896327,-77.015588,,,,,,Yes,,Yes,Yes,,Yes,,Yes,,,,,,,,,,,,,,,,,,,Yes,,,,,,,,,25,Men & Women,Yes,,2017-09-12T00:00:00.000Z,305 E STREET NW,398642.59,136494.96,38.89630278,-77.01564767,Ward 2,5900,20001,279657,,100,DC Address,
-77.013299219786091,38.895511573694968,19,Community for Creative Non-Violence,The Mitch Snyder Center for Arts and Education,This is a day program at CCNV,http://www.theccnv.org/contact.htm,425 2nd St. NW,Washington ,DC,20001,38.895439,-77.013292,,,,,,Yes,,Yes,Yes,,,,Yes,,,,,,,,Yes,,,,,Yes,Yes,,,,,,Yes,,Yes,,,,,Yes,138,Men & Women,No,,2017-09-12T00:00:00.000Z,425 2ND STREET NW,398846.5,136406.27,38.89550412,-77.01329693,Ward 6,5900,20001,299726,,100,DC Address,
-77.036881792122813,38.910041401235084,37,Foundry United Methodist,ID & Walk-In Ministry,"Each Friday and the 1st and 3rd Saturday of the month, Foundry’s I.D. & Walk-in Ministry opens to the community from 9:00 am – 12:00 noon to provide assistance in obtaining birth certificates, District of Columbia non-driver’s identification cards. With the generous support of the Foundry congregation, the I.D Ministry has 36 appointment spaces available each Friday and 1st and 3rd Saturdays for identification documents. In addition, the Walk-in ministry for clothes and a snack lunch is each Friday morning. There are 25 spaces available through walk-in for clothing items (first come first served).",http://www.foundryumc.org/walk-mission,1500 16TH STREET NW,Washington ,DC,20036,38.910039,-77.036948,,,,,,,,Yes,,,Yes,,,,,,,,,,,,,,,,Yes,,,,,,,,,,,,,,36,Men & Women,Yes,,2017-09-12T00:00:00.000Z,1500 16TH STREET NW,396801.38,138019.76,38.91003395,-77.0368795,Ward 2,5301,20036,243309,,100,DC Address,
-77.080638880345589,38.951373405672179,38,Friendship Place,Drop-In Center & Clinic,"Our Welcome Center is a place where individuals experiencing homelessness can find a place of safety off of the streets. The center provides basic needs such as food, showers, laundry, supplies, and free medical and psychiatric care. Participants are encouraged to access case management services from staff, including referrals to community resources, supportive counseling, assessments for housing and mental health services, and assistance in achieving participant-identified goals.",https://friendshipplace.org/drop-in-and-clinic/,"4713 Wisconsin Ave, NW",Washington ,DC,20016,38.95138,-77.080617,,,,,,Yes,,,Yes,,,,,,,,,,,,Yes,,,,Yes,,Yes,,,,,,Yes,,,,,,,,40,Men & Women,Yes,,2017-09-12T00:00:00.000Z,4713 WISCONSIN AVENUE NW,393010.31,142610.41,38.95136594,-77.08063657,Ward 3,1100,20016,274422,,100,DC Address,
-77.062025248014692,38.903581499779648,39,Georgetown Ministry Center,Clubhouse Drop-In Center,"Georgetown Ministry Center guides service-resistant, chronically homeless individuals towards stability and housing through aggressive street outreach, provision of a safe and welcoming environment where everyone is treated with respect, and advocacy for the homeless. We seek lasting solutions to homelessness one person at a time.",https://georgetownministrycenter.org/programs/clubhouse/,1041 Wisconsin Avenue NW,Washington ,DC,20007,38.903667,-77.062268,,,Yes,,,Yes,,,Yes,,,,,Yes,,,,,,,Yes,,,,Yes,Yes,Yes,,,Yes,,Yes,Yes,,,,,,,,60,Men & Women,Yes,,2017-09-12T00:00:00.000Z,1041 WISCONSIN AVENUE NW,394620.16,137303.84,38.90357405,-77.06202295,Ward 2,100,20007,273796,,100,DC Address,
-76.993385636924955,38.900420620980483,40,HIPS,Drop-In Center,"HIPS promotes the health, rights, and dignity of individuals and communities impacted by sexual exchange and/or drug use due to choice, coercion, or circumstance. HIPS provides compassionate harm reduction services, advocacy, and community engagement that is respectful, non-judgmental, and affirms and honors individual power and agency. ",http://www.hips.org/how-we-improve-lives.html,906 H Street NE,Washington ,DC,,38.900404,-76.993354,,,Yes,,,,,,Yes,,,,,,,Yes,Yes,,,,Yes,,,,Yes,,Yes,,,,,,Yes,,,,,,,,,Men & Women,By Appointment,,2017-09-12T00:00:00.000Z,906 H STREET NE,400573.95,136951.15,38.90041317,-76.99338336,Ward 6,8410,20002,151203,,100,DC Address,
-77.032602831319778,38.906478881319252,41,House of Ruth,Childcare Center,"Founded in 1990, Kidspace Child and Family Development Center is a nationally accredited child development center for children ages six weeks through five years old. The children are from families that are homeless and living at House of Ruth or other programs in the District of Columbia.",https://houseofruth.org/our-programs/childcare-center/,"5 Thomas Circle, NW",Washington ,DC,20005,38.906446,-77.032583,,,,,,Yes,Yes,,,,,,,,,,,,,,,,,,,,,,,,,,,,,,,,,,25,Children,No,,2017-09-12T00:00:00.000Z,5 THOMAS CIRCLE NW,397172.36,137624.15,38.90647143,-77.03260054,Ward 2,5201,20005,243014,,100,DC Address,
-77.036555227952206,38.881395164501981,42,Jefferson Memorial,Public Restrooms,"Clean, Safe Public Restrooms in/near Downtown Washington DC",https://dcdhs.dc.gov/page/downtown-washington-dc-public-restrooms,"701 E Basin Dr, SW",Washington ,DC,,38.881396,-77.036457,,,,,,,,,,,,,,,,,,,,,,,,,,,,,,,Yes,,,,,,,,,,,Men & Women,,,2017-09-12T00:00:00.000Z,701 EAST BASIN DRIVE SW,396828.43,134839.79,38.88138738,-77.03655293,Ward 2,6202,20004,313482,,100,DC Address,
-77.036507138030998,38.899581829913728,43,Lafayette Square,Public Restrooms,"Clean, Safe Public Restrooms in/near Downtown Washington DC",https://dcdhs.dc.gov/page/downtown-washington-dc-public-restrooms,Pennsylvania & 16th St NW,Washington ,DC,,38.899539,-77.036551,,,,,,,,,,,,,,,,,,,,,,,,,,,,,,,Yes,,,,,,,,,,,Men & Women,,,2017-09-12T00:00:00.000Z,,396833.41,136858.65,38.899574,-77.036505,2,6202,20005,302944,,,,
-77.027062906259033,38.966921389443428,20,Contemporary Family Services,Headquarters,"Contemporary Family Services, Inc. (CFS) strives to be the premier strengths-based provider of holistic and seamless systems of care for the most vulnerable children and families. We seek to address the various physical, social, psychological, and psychiatric treatment needs of our clients in a comprehensive and culturally competent manner. Our continuum of care fosters growth and facilitates sustainable change for individuals, families, and communities including families with children experiencing intensive needs that require cross-agency and cross-disciplinary interventions health and wellness. ",https://contemporaryservices.net/,6323 GEORGIA AVE NW,Washington ,DC,,38.966907,-77.027065,,,,,,,,,,,,,,,,,,,,,,,,,,,,Yes,,,,,,,,,,,,,,Families,,,2017-09-12T00:00:00.000Z,6323 GEORGIA AVENUE NW,397654.86,144333.64,38.96691392,-77.02706061,Ward 4,1901,20011,254165,,100,DC Address,
-76.98982866632619,38.86593013448234,21,Contemporary Family Services,Service Location,"Contemporary Family Services, Inc. is a community-based comprehensive mental health agency. We offer a myriad of services across our sites to include counseling and psychiatric treatment, case management, and medication management.",https://contemporaryservices.net/programs-and-services/,"2041 MARTIN LUTHER KING JR. AVE., SE SUITE 239",Washington ,DC,,38.865972,-76.98982,,,,,,,,,,,,,,,,,,,,,,,,,,,,Yes,,,,,,,,,,,,,,Families,,,2017-09-12T00:00:00.000Z,2041 MARTIN LUTHER KING JR AVENUE SE,400882.92,133122.47,38.86592269,-76.98982639,Ward 8,7503,20020,278056,,100,DC Address,
-76.965579235125233,38.876288234835499,22,Contemporary Family Services,Service Location,"Contemporary Family Services, Inc. is a community-based comprehensive mental health agency. We offer a myriad of services across our sites to include counseling and psychiatric treatment, case management, and medication management.",https://contemporaryservices.net/programs-and-services/,2918 MINNESOTA AVENUE SE,Washington ,DC,,38.876362,-76.965538,,,,,,,,,,,,,,,,,,,,,,,,,,,,Yes,,,,,,,,,,,,,,Families,,,2017-09-12T00:00:00.000Z,2918 MINNESOTA AVENUE SE,402986.98,134272.81,38.87628078,-76.96557696,Ward 7,7709,20019,287326,,100,DC Address,
-76.95814841237241,38.868670823846486,23,Contemporary Family Services,Main Office,"Contemporary Family Services, Inc. is a community-based comprehensive mental health agency. We offer a myriad of services across our sites to include counseling and psychiatric treatment, case management, and medication management.",https://contemporaryservices.net/programs-and-services/,3300 PENNSYLVANIA AVENUE SE,Washington ,DC,,38.868632,-76.957832,,,,,,,,,,,,,,,,,,,,,,,,,,,,Yes,,,,,,,,,,,,,,Families,,,2017-09-12T00:00:00.000Z,3300 PENNSYLVANIA AVENUE SE,403632.16,133427.49,38.86866337,-76.95814614,Ward 7,9901,20020,287806,,100,DC Address,
-76.929014665762381,38.897201543888549,24,Contemporary Family Services,Service Location,"Contemporary Family Services, Inc. is a community-based comprehensive mental health agency. We offer a myriad of services across our sites to include counseling and psychiatric treatment, case management, and medication management.",https://contemporaryservices.net/programs-and-services/,603 50TH ST NE,Washington ,DC,,38.897843,-76.929834,,,,,,,,,,,,,,,,,,,,,,,,,,,,Yes,,,,,,,,,,,,,,Families,,,2017-09-12T00:00:00.000Z,603 50TH STREET NE,406157.98,136596.18,38.89719409,-76.9290124,Ward 7,7804,20019,300384,,100,DC Address,
-76.974234424702516,38.843603582453284,25,Covenant House,Resource Center,"CHW serves as the region’s largest and leading non-profit in protecting, supporting, and transforming the lives of homeless, disconnected, and exploited youth. For over 22 years, CHW has provided resources to the nations most vulnerable population in the Greater Washington Region, providing young people ages 12 – 24 with the wrap-around supportive services they need to thrive. Resources include: emergency housing, transitional housing, workforce readiness, resume building, job placement, post secondary education support and placement, ABE/GED/high school diploma education, and an on-site NAEYC nationally accredited gold-tiered child development center.",http://covenanthousedc.org/,"2001 Mississippi Avenue, SE",Washington ,DC,20020,38.843527,-76.974223,,,,,,Yes,,Yes,,,Yes,,,,,,,,Yes,,,,Yes,,,,Yes,,,,,,Yes,,,,,,,,,,,,2017-09-12T00:00:00.000Z,2001 MISSISSIPPI AVENUE SE,402236.97,130644.33,38.84359614,-76.97423215,Ward 8,7409,20020,295846,,100,DC Address,
-77.007061818512753,38.909455701663397,26,Department of Behavioral Health,Assessment and Referral Center (ARC),The Assessment and Referral Center (ARC) provides same day assessment and referral for individuals seeking treatment for substance use disorders,https://dbh.dc.gov/service/treatment-services,75 P St. NE,Washington ,DC,,38.909642,-77.007024,,,,Yes,,,,,,,,,,,,,Yes,,,,,,,,,,,,,,,,,,,Yes,,,,,,,,,2017-09-12T00:00:00.000Z,75 P STREET NE,399387.71,137954.12,38.90944791,-77.00705953,Ward 5,10600,20002,313290,,100,DC Address,
-76.97487854623607,38.919629752981216,27,Department of Human Services,Adams Place Drop-In Center,The Day Center addresses the long-standing need in the community of having a safe and dignified place for individuals experiencing homelessness to go during the day to take care of everyday needs and access long-term services and supports.,https://dcdhs.dc.gov/page/drop-center,"2210 Adams Place, NE",Washington ,DC,20018,38.919627,-76.974885,,,,,,Yes,,Yes,Yes,,,,,,Yes,,,,Yes,,Yes,,,,,,Yes,,,,,,Yes,,,,,,,Yes,125,Men & Women,Yes,,2017-09-12T00:00:00.000Z,2210 ADAMS PLACE NE,402178.73,139083.8,38.91962229,-76.97487627,Ward 5,11100,20018,50358,,100,DC Address,
-77.006965864442563,38.909181673565236,28,Department of Human Services,Family Services Administration,"DHS provides emergency and ongoing housing support and services to help individuals and families who are experiencing homelessness or at risk of being homeless, transition into or maintain permanent affordable housing.",https://dcdhs.dc.gov/service/homeless-and-homeless-prevention-services,64 New York Ave NE,Washington ,DC,20001,38.909323,-77.006831,,,,Yes,,,,,,,,,,,,,,Yes,,,,,,,,,,,,,,,,,,,,,,,,Men & Women,,,2017-09-12T00:00:00.000Z,64 NEW YORK AVENUE NE,399396.03,137923.7,38.90917422,-77.00696358,Ward 5,10600,20002,289616,,100,DC Address,
-77.027250124171019,38.941114185370488,29,Department of Human Services,Taylor Street Service Center,"DHS determines eligibility for benefits under the Temporary Cash Assistance for Needy Families (TANF), Medical Assistance, Supplemental Nutrition Assistance Program (SNAP) (formerly Food Stamps), Child Care Subsidy, Burial Assistance, Interim Disability Assistance, Parent and Adolescent Support Services (PASS) and Refugee Cash Assistance programs. DHS’s Food Stamp Employment and Training Program (FSET) provide employment and training services to able-bodied adults without dependents who receive food stamps. DHS performs monitoring, quality control and reporting functions required by federal law and court orders. Delivery of these services is through five Service Centers located in neighborhoods throughout the city.",https://dcdhs.dc.gov/node/117522,1207 Taylor Street NW,Washington ,DC,,38.941127,-77.027248,,,,,,,,,,,,,,,,,,,,,,,,Yes,,,,,,,,,,Yes,,,,Yes,,,,Men & Women,,,2017-09-12T00:00:00.000Z,1207 TAYLOR STREET NW,397637.78,141468.81,38.94110672,-77.02724783,Ward 4,2502,20011,283934,,100,DC Address,
-76.989240045016047,38.865445699309639,30,Department of Human Services,Anacostia Service Center,"DHS determines eligibility for benefits under the Temporary Cash Assistance for Needy Families (TANF), Medical Assistance, Supplemental Nutrition Assistance Program (SNAP) (formerly Food Stamps), Child Care Subsidy, Burial Assistance, Interim Disability Assistance, Parent and Adolescent Support Services (PASS) and Refugee Cash Assistance programs. DHS’s Food Stamp Employment and Training Program (FSET) provide employment and training services to able-bodied adults without dependents who receive food stamps. DHS performs monitoring, quality control and reporting functions required by federal law and court orders. Delivery of these services is through five Service Centers located in neighborhoods throughout the city.",https://dcdhs.dc.gov/node/117522,2100 Martin Luther King Jr. SE,Washington ,DC,,38.865356,-76.989199,,,,,,,,,,,,,,,,,,,,,,,,Yes,,,,,,,,,,Yes,,,,Yes,,,,Men & Women,,,2017-09-12T00:00:00.000Z,2100 MARTIN LUTHER KING JR AVENUE SE,400934.01,133068.7,38.86543825,-76.98923777,Ward 8,7503,20020,51883,Street Type: Missing,85,DC Address,
-76.949950907794275,38.866128667173207,31,Department of Human Services,Fort Davis Service Center,"DHS determines eligibility for benefits under the Temporary Cash Assistance for Needy Families (TANF), Medical Assistance, Supplemental Nutrition Assistance Program (SNAP) (formerly Food Stamps), Child Care Subsidy, Burial Assistance, Interim Disability Assistance, Parent and Adolescent Support Services (PASS) and Refugee Cash Assistance programs. DHS’s Food Stamp Employment and Training Program (FSET) provide employment and training services to able-bodied adults without dependents who receive food stamps. DHS performs monitoring, quality control and reporting functions required by federal law and court orders. Delivery of these services is through five Service Centers located in neighborhoods throughout the city.",https://dcdhs.dc.gov/node/117522,3851 Alabama Ave SE,Washington ,DC,,38.866416,-76.950285,,,,,,,,,,,,,,,,,,,,,,,,Yes,,,,,,,,,,Yes,,,,Yes,,,,Men & Women,,,2017-09-12T00:00:00.000Z,3851 ALABAMA AVENUE SE,404343.71,133145.65,38.86612122,-76.94994864,Ward 7,9902,20020,278434,,100,DC Address,
-77.008151402382893,38.829994452692368,32,Department of Human Services,Congress Heights Service Center,"DHS determines eligibility for benefits under the Temporary Cash Assistance for Needy Families (TANF), Medical Assistance, Supplemental Nutrition Assistance Program (SNAP) (formerly Food Stamps), Child Care Subsidy, Burial Assistance, Interim Disability Assistance, Parent and Adolescent Support Services (PASS) and Refugee Cash Assistance programs. DHS’s Food Stamp Employment and Training Program (FSET) provide employment and training services to able-bodied adults without dependents who receive food stamps. DHS performs monitoring, quality control and reporting functions required by federal law and court orders. Delivery of these services is through five Service Centers located in neighborhoods throughout the city.",https://dcdhs.dc.gov/node/117522,4049 South Capitol St. SE,Washington ,DC,,38.829983,-77.008085,,,,,,,,,,,,,,,,,,,,,,,,Yes,,,,,,,,,,Yes,,,,Yes,,,,Men & Women,,,2017-09-12T00:00:00.000Z,4049 SOUTH CAPITOL STREET SW,399292.42,129133.34,38.82998701,-77.00814912,Ward 8,9807,20032,289187,Full Address: Not Valid,85,DC Address,
-76.996455865738866,38.899982227448589,33,Department of Human Services,H Street Service Center,"DHS determines eligibility for benefits under the Temporary Cash Assistance for Needy Families (TANF), Medical Assistance, Supplemental Nutrition Assistance Program (SNAP) (formerly Food Stamps), Child Care Subsidy, Burial Assistance, Interim Disability Assistance, Parent and Adolescent Support Services (PASS) and Refugee Cash Assistance programs. DHS’s Food Stamp Employment and Training Program (FSET) provide employment and training services to able-bodied adults without dependents who receive food stamps. DHS performs monitoring, quality control and reporting functions required by federal law and court orders. Delivery of these services is through five Service Centers located in neighborhoods throughout the city.",https://dcdhs.dc.gov/node/117522,645 H Street NE,Washington ,DC,,38.899925,-76.996591,,,,,,,,,,,,,,,,,,,,,,,,Yes,,,,,,,,,,Yes,,,,Yes,,,,Men & Women,,,2017-09-12T00:00:00.000Z,645 H STREET NE,400307.63,136902.47,38.89997477,-76.99645358,Ward 6,8302,20002,288821,,100,DC Address,
-76.993054464400061,38.922569321016041,34,Department of Human Services,Virginia Williams Family Resource Center,"The Virginia Williams Family Resource Center provides an opportunity for DHS to better serve the District's families experiencing homelessness by several critical services, Homeless Services, TANF Assistance and Child Care Services, all within one service location. Help is available 24-hours a day, Monday through Thursday, 8:00am to 4:00pm at 920-A Rhode Island, NE. Location is accessible from the Rhode Island Avenue Metrorail station via the Red Line or the G8 Metro bus.",https://dcdhs.dc.gov/page/virginia-williams-family-resource-center,920 Rhode Island Ave. NE,Washington ,DC,,38.922873,-76.993053,,,,,,,,,,,,Yes,,,,,,,,,,,,,,,,,,,,,,,,,,,,,,Families,,,2017-09-12T00:00:00.000Z,920 RHODE ISLAND AVENUE NE,400602.49,139409.84,38.92256186,-76.99305218,Ward 5,9302,20018,289074,,100,DC Address,
-77.018214358417936,38.879027465600949,35,District Alliance for Safe Housing (DASH),Housing Resource Center,"DASH is an innovator in providing access to safe housing and services to survivors of domestic violence and sexual violence and their families as they rebuild their lives on their own terms.
 We seek to strengthen and expand the local safety net for survivors by providing high quality, voluntary services that are responsive to their individual needs and by engaging lawmakers, community members, service providers, and survivors in the movement to make safe housing more accessible in the short-term and less necessary in the long-term. Le",http://dashdc.org/,400 I St SW,Washington ,DC,,38.879087,-77.018217,,,,,,Yes,,,,,,Yes,,,,,,,Yes,,,,,,,,,,,,,,,,,,,,,,,Women,,,2017-09-12T00:00:00.000Z,400 I STREET SW,398419.75,134576.48,38.87902002,-77.01821207,Ward 6,10200,20024,150785,,100,DC Address,
-77.025568303935529,38.898550756541724,36,First Congregational UCC,Drop-In Center (Downtown),First Church is bringing hope and help to homeless youth and other youth in need of services in the downtown area through a new drop-in center that we are operating in partnership with Sasha Bruce Youthwork and the Downtown Business Improvement District.,http://www.firstuccdc.org/2016/09/second-sunday-offering-september-11/,945 G St. NW,Washington ,DC,20001,38.898559,-77.025679,,,,,,Yes,,,Yes,,,,,,,,,,,,,,,,Yes,,Yes,,,,,,,,,,,,,,30,Youth,Yes,,2017-09-12T00:00:00.000Z,945 G STREET NW,397782.26,136743.87,38.8985433,-77.02556601,Ward 2,5800,20001,278832,,100,DC Address,
-76.985887575047514,38.865853963983504,60,Samaritan Ministry of Greater Washington,The Next Step Program (SE DC Offices),"Every year, Samaritan Ministry of Greater Washington helps improve the lives of more than 1,000 people who are homeless or otherwise in need through our innovative Next Step Program. For over 30 years now, participants have been welcomed by our staff and volunteers into a safe, supportive environment that allows them the freedom to choose their own goals and pursue them! They are given the resources and support they need — housing and employment search guidance, coaching, referrals to partner service providers and more — to fulfill those goals. Participants are listened to, and treated like family.",https://www.samaritanministry.org/program,1345 U Street SE,Washington ,DC,,38.865999,-76.985977,,,,,,Yes,,Yes,Yes,,Yes,,,,,,,,Yes,,,,Yes,Yes,,Yes,,,Yes,Yes,,,,Yes,,Yes,,Yes,,Yes,,Men & Women,Yes,,2017-09-12T00:00:00.000Z,1345 U STREET SE,401224.95,133114.06,38.86584652,-76.9858853,Ward 8,7503,20020,286088,,100,DC Address,
-77.01335305748043,38.905387342155855,61,Samaritan Ministry of Greater Washington,The Next Step Program (Perry School Center),"Every year, Samaritan Ministry of Greater Washington helps improve the lives of more than 1,000 people who are homeless or otherwise in need through our innovative Next Step Program. For over 30 years now, participants have been welcomed by our staff and volunteers into a safe, supportive environment that allows them the freedom to choose their own goals and pursue them! They are given the resources and support they need — housing and employment search guidance, coaching, referrals to partner service providers and more — to fulfill those goals. Participants are listened to, and treated like family.",https://www.samaritanministry.org/program,128 M Street NW,Washington ,DC,,38.905312,-77.012765,,,,,,Yes,,Yes,Yes,,Yes,,,,,,,,Yes,,,,Yes,Yes,,Yes,,,Yes,Yes,,,,Yes,,Yes,,Yes,,Yes,,Men & Women,Yes,,2017-09-12T00:00:00.000Z,128 M STREET NW,398841.99,137502.56,38.90537989,-77.01335077,Ward 6,4701,20001,279016,,100,DC Address,
-76.968954678594017,38.860492753036731,62,Samaritan Ministry of Greater Washington,The Next Step Program (Skyland Workforce Center),"Every year, Samaritan Ministry of Greater Washington helps improve the lives of more than 1,000 people who are homeless or otherwise in need through our innovative Next Step Program. For over 30 years now, participants have been welcomed by our staff and volunteers into a safe, supportive environment that allows them the freedom to choose their own goals and pursue them! They are given the resources and support they need — housing and employment search guidance, coaching, referrals to partner service providers and more — to fulfill those goals. Participants are listened to, and treated like family.",https://www.samaritanministry.org/program,2509 Good Hope Road SE,Washington ,DC,,38.860524,-76.969131,,,,,,Yes,,Yes,Yes,,Yes,,,,,,,,Yes,,,,Yes,Yes,,Yes,,,Yes,Yes,,,,Yes,,Yes,,Yes,,Yes,,Men & Women,Yes,,2017-09-12T00:00:00.000Z,2509 GOOD HOPE ROAD SE,402694.68,132519.29,38.86048531,-76.96895241,Ward 8,7502,20020,299792,,100,DC Address,
-76.99528662145282,38.879869274301051,63,Sasha Bruch Youth Work,Drop-In Center (Barraks Row),"At the SBY Drop-In Center, harm reduction plans will be a first step, followed by comprehensive service plans. The youth that frequent the Drop-In Center will be able to access such services as crisis intervention, conflict resolution, counseling services, recreational and cultural activities, school re-engagement, health education, access to showers, toiletries, school supplies, food resources and more!",http://www.sashabruce.org/programs/safehomes/drop-in-center/,741 8th St SE,Washington ,DC,20003,38.8798,-76.995353,,,,,,,,,Yes,,,,Yes,,,Yes,,,,,Yes,,,,Yes,,Yes,,,,,,Yes,,,,,,,Yes,30,Youth,Yes,,2017-09-12T00:00:00.000Z,741 8TH STREET SE,400409.17,134669.78,38.87986182,-76.99528434,Ward 6,7000,20003,151137,,100,DC Address,
-77.03605394396476,38.931922704495143,64,The Family Place,Emergency Brief Services,"The Family Place relies greatly on donations of non-perishable foods, adult and children’s clothing, and diapers to provide to our participants.  Participants arriving for the first time at TFP are welcomed and given diapers and food as needed and as available.  TFP staff then encourages students to participate in the wide array of services offered.
 The Family Place holds a clothing drive once a month, additionally distributing books, toys, car seats, strollers, and furniture if available.",http://www.thefamilyplacedc.org/?page_id=204,3309 16TH STREET NW,Washington ,DC,20010,38.93192,-77.0361,,,,,,,,,,,,,Yes,,,,,,,,,,,,,,,,,,,,,,,,,,,,15,Women ,Yes,,2017-09-12T00:00:00.000Z,3309 16TH STREET NW,396874.14,140448.74,38.93191525,-77.03605165,Ward 1,2802,20010,234409,,100,DC Address,
-77.035829179179657,38.92829107297171,44,Latin American Youth Center (LYAC),DC Safe Housing Drop-In Center,"Youth looking for shelter can drop in to be connected to the appropriate housing program or emergency for their specific needs.  Our friendly, bilingual staff provide ongoing assessment and case management to connect youth to other needed services including educational and employment support, mental health, and accessing public benefits.
The Drop-In Center is equipped with shower, laundry, and kitchen facilities, computers for youth use, private meeting rooms, day lockers, and resting rooms. More information and pictures of the center are available in the Youth Corner.",http://www.layc-dc.org/what-we-do/safe-housing/outreach-intake/,"3045 15th Street, NW",Washington ,DC,,38.928289,-77.035764,,,,Yes,,Yes,,Yes,Yes,,,,Yes,,,,,Yes,Yes,,Yes,,,Yes,,,,Yes,,,,Yes,Yes,,Yes,,,,,Yes,,Youth,Yes,,2017-09-12T00:00:00.000Z,3045 15TH STREET NW,396893.47,140045.59,38.92828361,-77.03582688,Ward 1,2802,20009,289222,,100,DC Address,
-77.050162876296582,38.889222723103124,45,Lincoln Memorial,Public Restrooms,"Clean, Safe Public Restrooms in/near Downtown Washington DC",https://dcdhs.dc.gov/page/downtown-washington-dc-public-restrooms,2 Lincoln Memorial Circle NW,Washington ,DC,,38.888294,-77.050011,,,,,,,,,,,,,,,,,,,,,,,,,,,,,,,Yes,,,,,,,,,,,Men & Women,,,2017-09-12T00:00:00.000Z,2 LINCOLN MEMORIAL CIRCLE SW,395648.22,135709.27,38.88921494,-77.05016058,Ward 2,6202,20004,313464,Full Address: Not Valid,85,DC Address,
-76.94845753252099,38.8955287067173,46,MBI,Intake Center,"MBI Health Services, LLC. is a certified behavioral health agency servicing the D.C. Metropolitan Area. We provide a wide range of services and programs for both adults and children for the sake of helping each individuals gain back their confidence and security into their lives. ",http://www.mbihs.com/what-we-offer/free-standing-mental-health-clinic-0024-core,4017 Minnesota Ave NE,Washington ,DC,,38.895502,-76.948369,,,,Yes,,,,,,,,,,,,,,,,,,,,,,,,Yes,,,,,,,,,,,,,,Men & Women,Yes,,2017-09-12T00:00:00.000Z,4017 MINNESOTA AVENUE NE,404471.47,136409.35,38.89552125,-76.94845527,Ward 7,7803,20019,27916,,99.2,DC Address,
-77.031215557043865,38.899983515181667,47,McClendon Center,Day Program,"McClendon Center is certified as a Day Services program through the DC Department of Behavioral Health. The Day Program identified different learning levels for clients, who are grouped according to their cognitive ability and degree of motivation. These learning levels, or tracks, include substance abuse recovery groups as well as early recovery groups for those individuals who are beginning to consider the process of recovery. The Day Program offers a morning session and an afternoon session.",http://mcclendoncenter.org/programs/day-program/,"1313 New York Avenue NW, 5th Floor",Washington ,DC,,38.899988,-77.031124,,,Yes,Yes,,,,,,,,,,Yes,,,,,,,,,,,,,Yes,Yes,,,,,,,,Yes,,,Yes,,,Men & Women,Yes,,2017-09-12T00:00:00.000Z,1313 NEW YORK AVENUE NW,397292.44,136903.07,38.89997606,-77.03121326,Ward 2,10100,20005,279043,,100,DC Address,
-77.051963293554564,38.898538844288446,48,Miriam's Kitchen,Meals Program,"Miriam’s Kitchen operates the only meals program in Washington, D.C. that is open, Monday through Friday, all year long, no matter the holiday or weather emergency.
 All of our meals are made with fresh, healthy ingredients. The restaurant-quality food we serve shows our guests that we care. It builds a bridge of trust. And it makes it possible to form a relationship with each individual who comes through our doors.",https://miriamskitchen.org/,"2401 Virginia Avenue, NW",Washington ,DC,20037,38.898515,-77.051719,,,,,,Yes,,,,,,,,,,,,,Yes,,,,,,,,Yes,,,,,,,,,,,,,,150,Men & Women,Yes,,2017-09-12T00:00:00.000Z,2401 VIRGINIA AVENUE NW,395492.61,136743.52,38.89853139,-77.05196099,Ward 2,5600,20037,218135,,100,DC Address,
-77.033561938020512,38.916500930891445,49,My Sister's Place,Administrative Office,"My Sister’s Place (MSP) seeks to end domestic violence and empower survivors to live healthy, independent lives free from violence and abuse. We save lives and change lives everyday by helping community members know how to prevent and respond to domestic violence in their families, neighborhoods, and communities; and by helping survivors access safe housing, case management, counseling, and support needed to heal, recover and thrive.",https://mysistersplacedc.org/,1436 U Street NW Ste. 303,Washington ,DC,,38.916745,-77.033678,,,,,,,,,,,,Yes,,,,,,Yes,,,,,,,,,,,,,,,,,,,,,,,,Women,By Appointment,,2017-09-12T00:00:00.000Z,1436 U STREET NW,397089.58,138736.71,38.91649347,-77.03355964,Ward 2,4300,20009,301293,,100,DC Address,
-77.031427907343996,38.907573537583929,50,N Street Village,Bethany Women's Day Center,"N Street Village empowers homeless and low-income women in Washington, D.C. to claim their highest quality of life by offering a broad spectrum of services, housing, and advocacy in an atmosphere of dignity and respect. We help women achieve stability and make meaningful gains in their housing, income, employment, mental health, physical health, and addiction recovery. The Women’s Day Center is often the first entry point for women. Open 365 days a year, the Center offers safe respite from the streets, meets a woman’s basic needs for food, clothing, laundry and showers, provides access to resources for housing, health, legal and other needs, and offers a confidential crisis and case management support.",http://www.nstreetvillage.org/about-the-village/programs-impact/healthy-meals-basic-needs/,1333 N St. NW,Washington ,DC,20005,38.907525,-77.031419,,,,,,Yes,,Yes,Yes,,,,,,,,,Yes,Yes,,Yes,,Yes,,Yes,,Yes,,,,,,Yes,,,,,,,Yes,75,Women,Yes,,2017-09-12T00:00:00.000Z,1333 N STREET NW,397274.31,137745.63,38.90756608,-77.03142561,Ward 2,5002,20005,298405,,100,DC Address,
-77.017553525435176,38.89776256277635,51,National Building Museum,Public Restrooms,"Clean, Safe Public Restrooms in/near Downtown Washington DC",https://dcdhs.dc.gov/page/downtown-washington-dc-public-restrooms,401 F St. NW,Washington ,DC,,38.897752,-77.017619,,,,,,,,,,,,,,,,,,,,,,,,,,,,,,,Yes,,,,,,,,,,,Men & Women,,,2017-09-12T00:00:00.000Z,401 F STREET NW,398477.49,136656.21,38.89775511,-77.01755124,Ward 2,5900,20001,242924,,100,DC Address,
-77.022955407471258,38.897215052578943,52,National Portrait Gallery,Public Restrooms,"Clean, Safe Public Restrooms in/near Downtown Washington DC",https://dcdhs.dc.gov/page/downtown-washington-dc-public-restrooms,8th St NW & F St NW,Washington ,DC,,38.897203,-77.022963,,,,,,,,,,,,,,,,,,,,,,,,,,,,,,,Yes,,,,,,,,,,,Men & Women,,,2017-09-12T00:00:00.000Z,8TH STREET NW AND F STREET NW,398008.8796,136595.5355,38.89720759,-77.02295312,,,,901542,Multiple records with same score different XY,100,DC Intersection,
-77.006171265615919,38.910821867449918,53,Pathways to Housing,Administrative Office & Health Clinic,"Pathways to Housing DC provides home, health and hope to more than 3,000 individuals who are homeless or at risk for homelessness in Washington, DC. ",https://www.pathwaystohousingdc.org/,"101 Q St. NE, Suite G",Washington ,DC,,38.910835,-77.006179,,,,,,Yes,,,,,,,,,,,,Yes,Yes,,,,,,Yes,,,Yes,,,,,,,,,Yes,,,,,Men & Women,By Appointment,,2017-09-12T00:00:00.000Z,101 Q STREET NE,399464.96,138105.77,38.91081441,-77.00616898,Ward 5,8701,20002,75978,,100,DC Address,
-77.011432166196641,38.90805455788152,54,S.O.M.E. ,Isaiah House Day Program,"Around the corner from the Clinic is SOME’s Isaiah House, a therapeutic day program that provides a supportive environment for men and women who have been impacted by both homelessness and severe and persistent mental illness.
 Isaiah House offers drop-in services such as showers, meals, laundry facilities and phone access, as well as social activities and staff support. The core of the program is peer support and positive involvement, and many participants, known as members, attend Isaiah House on a daily basis.",http://some.org/services/mental-health-services/#IH,"75 Hanover Place, NW",Washington ,DC,20001,38.908068,-77.011379,,,Yes,,,Yes,,,,,,,,,,,,,,,Yes,,,,,Yes,Yes,,,,,,Yes,,,,,,,,50,Men & Women,Yes,,2017-09-12T00:00:00.000Z,75 HANOVER PLACE NW,399008.64,137798.62,38.9080471,-77.01142988,Ward 5,4600,20001,279927,,100,DC Address,
-77.011434035260919,38.908925484644641,55,S.O.M.E. ,"Dining, Shower, and Clothing Programs","SOME serves a hot breakfast and lunch to hungry men, women and children in our Main Dining Room and our Dining Room for Women and Children, every day of the year. We strive to create an uplifting environment with music, seasonal decorations and special holiday meals. Our priority is to serve everyone with dignity and respect, with no questions asked. SOME also provides hot showers, free clothing, and restroom facilities in our Clothing and Shower Rooms.",http://some.org/services/dining-clothing-and-shower-rooms/,71 O St. NW,Washington ,DC,20001,38.908874,-77.011418,,,,,,,,Yes,,,,,,,,,,,,,,,,,,,Yes,,,,,,Yes,,,,,,,,400,Men & Women,Yes,,2017-09-12T00:00:00.000Z,71 O STREET NW,399008.49,137895.3,38.90891803,-77.01143175,Ward 5,4600,20001,236922,,100,DC Address,
-77.011102914115725,38.90824953027132,56,S.O.M.E. ,Medical & Behavioral Health Clinic,"SOME offers comprehensive healthcare services that include our Medical, Dental and Eye Clinics, as well as Mental Health Services and a comprehensive Addiction Treatment Program.
 The Medical Clinic offers a full range of services, including adult primary care, lab work and chronic disease management. Approximately 30 ill, homeless adults are treated daily. In addition to primary care, the medical clinic has a Podiatrist who provides basic podiatry services and wound care on a weekly basis.",http://some.org/services/health-services/,60 O St. NW,Washington ,DC,,38.908255,-77.011118,,,,,,,,,,Yes,,,,,,,,,,,,,,,Yes,,,Yes,,,,,,,,,,,,,,,,,2017-09-12T00:00:00.000Z,60 O STREET NW,399037.2,137820.26,38.90824208,-77.01110063,Ward 5,4600,20001,236940,,100,DC Address,
-77.035696783082543,38.931055584242465,57,Sacred Heart,Dinner Program,"The Sacred Heart Dinner Program is a nonprofit organization located in the Mt. Pleasant/Columbia Heights neighborhood of Washington, D.C. We offer free services to the low-income and homeless including free dinners from Monday to Friday, free legal referrals as well as free haircuts. We partner with multiple local organizations such as Thrive DC, Martha's Table and Capital Area Food Bank.",http://dinnerprogram.org/,3211 Sacred Heart Way,Washington ,DC,20010,38.93112,-77.035851,,,,,,,,Yes,,,,,,,Yes,,,,,,,,Yes,,,,Yes,,,,,,,,,,,,,Yes,100,Men & Women,Yes,,2017-09-12T00:00:00.000Z,3211 PINE STREET NW,396905.07,140352.47,38.93104813,-77.03569449,Ward 1,2802,20010,234407,Quad: MissingAddress Number/Street Name/Street Type: Not Valid,70,DC Address,
-76.974171626365148,38.917848922305367,58,Salvation Army,Emergency Assistance,Providing flexible rental assistance and case management is the backbone of effective homelessness prevention. We assist families in solving their immediate crisis and making plans for the future. The Salvation Army’s Emergency Assistance (EMAST) is a comprehensive program designed to help meet the basic needs of families experiencing a crisis and at risk of homelessness. ,http://salvationarmynca.org/ways-we-help/families-in-need/,2100 NEW YORK AVENUE NE,Washington ,DC,20002,38.917832,-76.974435,,,,,,Yes,,Yes,,,,,Yes,,,,,,Yes,,,,,,,,,,,,,,,,,,,,Yes,,,,,,2017-09-12T00:00:00.000Z,2100 NEW YORK AVENUE NE,402240.09,138886.13,38.91784146,-76.97416935,Ward 5,11100,20002,286616,,100,DC Address,
-77.035848622603623,38.952741646918824,59,Samaritan Ministry of Greater Washington,The Next Step Program (Admin Offices),"Every year, Samaritan Ministry of Greater Washington helps improve the lives of more than 1,000 people who are homeless or otherwise in need through our innovative Next Step Program. For over 30 years now, participants have been welcomed by our staff and volunteers into a safe, supportive environment that allows them the freedom to choose their own goals and pursue them! They are given the resources and support they need — housing and employment search guidance, coaching, referrals to partner service providers and more — to fulfill those goals. Participants are listened to, and treated like family.",https://www.samaritanministry.org/program,1516 Hamilton Street NW,Washington ,DC,,38.952728,-77.03583,,,,,,Yes,,Yes,Yes,,Yes,,,,,,,,Yes,,,,Yes,Yes,,Yes,,,Yes,Yes,,,,Yes,,Yes,,Yes,,Yes,,Men & Women,Yes,,2017-09-12T00:00:00.000Z,1516 HAMILTON STREET NW,396892.85,142759.82,38.95273418,-77.03584632,Ward 4,2002,20011,255812,,100,DC Address,
-77.009662316050608,38.901564199672286,65,The Father McKenna Center,Day Shelter Program,"The Day Shelter is a “drop-in” program that welcomes guests into the Center to meet their immediate needs while providing case management and other support to assist our guests to identify the obstacles they face and to develop strategies to overcome those obstacles so that they can reclaim their lives.
 The largest program of the Father McKenna Center is the Day Drop-In Shelter for homeless men. Each day more than 100 men come to the Center for one of many services provided.",http://www.fathermckennacenter.org/programs/homeless-day-shelter/,"900 North Capitol Street, NW",Washington ,DC,20002,38.901361,-77.00912,,,,,,Yes,,Yes,Yes,,,,,Yes,,,,,Yes,,Yes,,,,,,Yes,,Yes,Yes,,,Yes,,,,,,Yes,,100,Men,Yes,,2017-09-12T00:00:00.000Z,279445,399162.07,137078.12,38.901557,-77.00966,6,4702,20001,279445,Address Number/Street Name: Not ValidFull Address: Not Valid,70,,
-77.033652401769388,38.926161613683171,66,The Salvation Army,Social Services,Providing flexible rental assistance and case management is the backbone of effective homelessness prevention. We assist families in solving their immediate crisis and making plans for the future. The Salvation Army’s Emergency Assistance (EMAST) is a comprehensive program designed to help meet the basic needs of families experiencing a crisis and at risk of homelessness. ,http://salvationarmynca.org/ways-we-help/families-in-need/,"1434 Harvard Street, NW",Washington ,DC,,38.92615,-77.033618,,,,,,,,,,,,,,,,,,,,,,,,,,,,,,,,,,,,,,,,,,Men & Women,,,2017-09-12T00:00:00.000Z,1434 HARVARD STREET NW,397082.13,139809.13,38.92615416,-77.03365011,Ward 1,3700,20009,234319,,100,DC Address,
-76.991372473171467,38.863098192949614,67,The Salvation Army,Social Services,Providing flexible rental assistance and case management is the backbone of effective homelessness prevention. We assist families in solving their immediate crisis and making plans for the future. The Salvation Army’s Emergency Assistance (EMAST) is a comprehensive program designed to help meet the basic needs of families experiencing a crisis and at risk of homelessness. ,http://salvationarmynca.org/ways-we-help/families-in-need/,"2300 Martin Luther King Jr Ave., SE",Washington ,DC,,38.862971,-76.991302,,,,,,,,,,,,,,,,,,,,,,,,,,,,,,,,,,,,,,,,,,Men & Women,,,2017-09-12T00:00:00.000Z,2300 MARTIN LUTHER KING JR AVENUE SE,400748.97,132808.09,38.86309075,-76.99137019,Ward 8,7407,20020,307921,,100,DC Address,
-76.93215784256401,38.908452418628208,89,DC Public Library,Deanwood Library,"The District of Columbia Public Library (DCPL) is the public library system for residents of Washington, D.C. The system includes 25 individual libraries.",https://www.dclibrary.org/node/10374,1350 49th St. NE,Washington,DC,,38.9083,-76.932452,,,,,Yes,,,,Yes,,,,,,,,,,,Yes,,Yes,,,,,,,,,,,,,,,,,,Yes,,Men & Women,Yes,,2017-09-12T00:00:00.000Z,1350 49TH STREET NE,405884.39,137844.91,38.90844496,-76.93215558,Ward 7,7806,20019,307551,,100,DC Address,
-76.999586604746767,38.955135595484613,90,DC Public Library,Lamond-Riggs Library,"The District of Columbia Public Library (DCPL) is the public library system for residents of Washington, D.C. The system includes 25 individual libraries.",https://www.dclibrary.org/node/10382,5401 South Dakota Ave NE,Washington,DC,,38.955123,-76.999573,,,,,Yes,,,,Yes,,,,,,,,,,,Yes,,Yes,,,,,,,,,,,,,,,,,,Yes,,Men & Women,Yes,,2017-09-12T00:00:00.000Z,5401 SOUTH DAKOTA AVENUE NE,400036.03,143024.96,38.95512813,-76.99958432,Ward 5,9508,20011,288645,,100,DC Address,
-77.037146898072137,38.930475177313745,91,DC Public Library,Mt. Pleasant Library,"The District of Columbia Public Library (DCPL) is the public library system for residents of Washington, D.C. The system includes 25 individual libraries.",https://www.dclibrary.org/node/10386,3160 16th St. NW,Washington,DC,,38.930477,-77.037229,,,,,Yes,,,,Yes,,,,,,,,,,,,,Yes,,,,,,,,,,,,,,,,,,Yes,,Men & Women,Yes,,2017-09-12T00:00:00.000Z,3160 16TH STREET NW,396779.31,140288.09,38.93046772,-77.0371446,Ward 1,2702,20010,295138,,100,DC Address,
-77.097176952912946,38.918389252467236,92,DC Public Library,Palisades Library,"The District of Columbia Public Library (DCPL) is the public library system for residents of Washington, D.C. The system includes 25 individual libraries.",https://www.dclibrary.org/node/10392,4901 V St. NW,Washington,DC,,38.918399,-77.097173,,,,,Yes,,,,Yes,,,,,,,,,,,,,Yes,,,,,,,,,,,,,,,,,,Yes,,Men & Women,Yes,,2017-09-12T00:00:00.000Z,4901 V STREET NW,391572.87,138950.28,38.9183818,-77.09717464,Ward 3,801,20007,224474,,100,DC Address,
-76.979136311398634,38.897819402449734,93,DC Public Library,Rosedale Library,"The District of Columbia Public Library (DCPL) is the public library system for residents of Washington, D.C. The system includes 25 individual libraries.",https://www.dclibrary.org/node/32566,1701 Gales St. NE,Washington,DC,,38.897621,-76.979067,,,,,Yes,,,,Yes,,,,,,,,,,,,,Yes,,,,,,,,,,,,,,,,,,Yes,,Men & Women,Yes,,2017-09-12T00:00:00.000Z,1701 GALES STREET NE,401810.05,136662.58,38.89781195,-76.97913403,Ward 6,7901,20002,307101,,100,DC Address,
-76.996517740394992,38.884091909699954,94,DC Public Library,Southeast Library,"The District of Columbia Public Library (DCPL) is the public library system for residents of Washington, D.C. The system includes 25 individual libraries.",https://www.dclibrary.org/node/10398,403 7th St. SE,Washington,DC,,38.884049,-76.996505,,,,,Yes,,,,Yes,,,,,,,,,,,,,Yes,,,,,,,,,,,,,,,,,,Yes,,Men & Women,Yes,,2017-09-12T00:00:00.000Z,403 7TH STREET SE,400302.33,135138.52,38.88408446,-76.99651546,Ward 6,6500,20003,280068,,100,DC Address,
-77.079889064489862,38.947615846003856,95,DC Public Library,Tenley-Friendship Library,"The District of Columbia Public Library (DCPL) is the public library system for residents of Washington, D.C. The system includes 25 individual libraries.",https://www.dclibrary.org/node/10404,4450 Wisconsin Ave NW,Washington,DC,,38.94765,-77.079996,,,,,Yes,,,,Yes,,,,,,,,,,,,,Yes,,,,,,,,,,,,,,,,,,Yes,,Men & Women,Yes,,2017-09-12T00:00:00.000Z,4450 WISCONSIN AVENUE NW,393074.94,142193.23,38.94760839,-77.07988675,Ward 3,1001,20016,284921,,100,DC Address,
-77.009367186108307,38.831333289666368,96,DC Public Library,Bellevue Library,"The District of Columbia Public Library (DCPL) is the public library system for residents of Washington, D.C. The system includes 25 individual libraries.",https://www.dclibrary.org/node/10406,115 Atlantic St. SW,Washington,DC,,38.831199,-77.009435,,,,,Yes,,,,Yes,,,,,,,,,,,Yes,,Yes,,,,,,,,,,,,,,,,,,Yes,,Men & Women,Yes,,2017-09-12T00:00:00.000Z,115 ATLANTIC STREET SW,399186.87,129281.97,38.83132585,-77.0093649,Ward 8,9807,20032,302935,,100,DC Address,
-77.075459027084378,38.965576951202834,97,DC Public Library,Chevy Chase Library,"The District of Columbia Public Library (DCPL) is the public library system for residents of Washington, D.C. The system includes 25 individual libraries.",https://www.dclibrary.org/node/10370,5625 Connecticut Ave NW,Washington,DC,,38.965139,-77.075091,,,,,Yes,,,,Yes,,,,,,,,,,,,,Yes,,,,,,,,,,,,,,,,,,Yes,,Men & Women,Yes,,2017-09-12T00:00:00.000Z,5625 CONNECTICUT AVENUE NW,393460.61,144186.75,38.96556949,-77.07545672,Ward 3,1401,20015,263960,,100,DC Address,
-76.954203480108959,38.864879053411599,98,DC Public Library,Francis A. Gregory Library,"The District of Columbia Public Library (DCPL) is the public library system for residents of Washington, D.C. The system includes 25 individual libraries.",https://www.dclibrary.org/node/10376,3660 Alabama Ave. SE,Washington,DC,,38.864866,-76.954216,,,,,Yes,,,,Yes,,,,,,,,,,,,,Yes,,,,,,,,,,,,,,,,,,Yes,,Men & Women,Yes,,2017-09-12T00:00:00.000Z,3660 ALABAMA AVENUE SE,403974.72,133006.74,38.8648716,-76.95420121,Ward 7,7604,20020,290019,,100,DC Address,
-77.035750132498265,38.933487270457682,68,ThriveDC,Morning Program,"Thrive DC works to prevent and end homelessness in Washington, DC by providing vulnerable people with a wide range of services to help stabilize their lives.
 Founded in 1979 to serve dinner to homeless women, Thrive DC has grown to be a comprehensive, professionally staffed, bilingual organization serving more than 2,000 men, women, and children each year.
 We are a safety net for people experiencing homelessness, unemployment, housing instability, and food insecurity. With our help, our clients take the first steps toward independence and self-sufficiency.",https://www.thrivedc.org/,1525 Newton St. NW,Washington ,DC,20010,38.933492,-77.035742,,,Yes,,,Yes,,Yes,,,,,Yes,,,,,,,,Yes,,,,,Yes,Yes,,,,,,Yes,,,,,,,,200,Men & Women,Yes,,2017-09-12T00:00:00.000Z,1525 NEWTON STREET NW,396900.55,140622.41,38.93347981,-77.03574784,Ward 1,2801,20010,234587,,100,DC Address,
-77.006181414019551,38.897546256332852,69,Union Station,Public Restrooms,"Clean, Safe Public Restrooms in/near Downtown Washington DC",https://dcdhs.dc.gov/page/downtown-washington-dc-public-restrooms,50 Massachusetts Ave NE,Washington ,DC,,38.897596,-77.006178,,,,,,,,,,,,,,,,,,,,,,,,,,,,,,,Yes,,,,,,,,,,,Men & Women,,,2017-09-12T00:00:00.000Z,50 MASSACHUSETTS AVENUE NE,399463.98,136632.07,38.8975388,-77.00617913,Ward 6,10600,20002,293243,,100,DC Address,
-77.032802029756368,38.895139462888338,70,White House Visitors Center,Public Restrooms,"Clean, Safe Public Restrooms in/near Downtown Washington DC",https://dcdhs.dc.gov/page/downtown-washington-dc-public-restrooms,1450 Pennsylvania Ave NW,Washington ,DC,,38.895236,-77.033142,,,,,,,,,,,,,,,,,,,,,,,,,,,,,,,Yes,,,,,,,,,,,Men & Women,,,2017-09-12T00:00:00.000Z,1450 PENNSYLVANIA AVENUE NW,397154.63,136365.39,38.89513201,-77.03279974,Ward 2,6202,20004,293208,,100,DC Address,
-77.031634075509288,38.910482817415122,71,Whitman Walker Health,Whitman Walker 1525,"Our mission is to be the highest quality, culturally competent community health center serving greater Washington’s diverse urban community, including individuals who face barriers to accessing care, and with a special expertise in Lesbian, Gay, Bisexual, Transgender, and Queer (LGBTQ) and HIV care.",https://www.whitman-walker.org/location/1525-14th-st-nw/,1525 14th St. NW,Washington ,DC,,38.910467,-77.031595,,,,,,Yes,,,,Yes,,,,,,,,,,,,,Yes,Yes,Yes,,,Yes,,,,,,,,,,,,,,Men & Women,By Appointment,,2017-09-12T00:00:00.000Z,1525 14TH STREET NW,397256.54,138068.59,38.91047536,-77.03163178,Ward 2,5001,20005,300332,,100,DC Address,
-76.991263312309343,38.863468340718953,72,Whitman Walker Health,Max Robinson Center,"Our mission is to be the highest quality, culturally competent community health center serving greater Washington’s diverse urban community, including individuals who face barriers to accessing care, and with a special expertise in Lesbian, Gay, Bisexual, Transgender, and Queer (LGBTQ) and HIV care.",https://www.whitman-walker.org/location/max-robinson-center/,"2301 Martin Luther King Jr. Ave., SE",Washington,DC,,38.863519,-76.991283,,,,,,Yes,,,,Yes,,,,,,,Yes,,,,,,Yes,Yes,Yes,,,Yes,,,,,,,,,,,,,,Men & Women,By Appointment,,2017-09-12T00:00:00.000Z,2301 MARTIN LUTHER KING JR AVENUE SE,400758.44,132849.18,38.86346089,-76.99126103,Ward 8,7401,20020,48991,,100,DC Address,
-77.031131628386646,38.920050165389277,73,Whitman Walker Health,Whitman-Walker WeWork Manhattan Laundry,"Our mission is to be the highest quality, culturally competent community health center serving greater Washington’s diverse urban community, including individuals who face barriers to accessing care, and with a special expertise in Lesbian, Gay, Bisexual, Transgender, and Queer (LGBTQ) and HIV care.",https://www.whitman-walker.org/location/whitman-walker-wework/,"1342 Florida Ave, NW",Washington,DC,,38.919908,-77.030748,,,,,,Yes,,,,,,,,,,,,,,,,,Yes,Yes,,,,,,,,,,,,,,,,,,Men & Women,By Appointment,,2017-09-12T00:00:00.000Z,1342 FLORIDA AVENUE NW,397300.48,139130.63,38.92004237,-77.03112933,Ward 1,4400,20009,314690,,100,DC Address,
-76.98356673316863,38.863107084506076,74,Unity Health,Anacostia Health Center (Ward 8),"With 10 neighborhood locations, convenient hours and a full-range of services, Unity is ready to be your medical home. To make an appointment call our patient scheduling center at (202) 469-4699.",https://unityhealthcare.org/find-a-center/,"1500 Galen Street, SE",Washington,DC,,38.863146,-76.983553,,,,,,,,,,,,,,,,,,,,,,,,,,,,,,,,,,,,,,,,,,Men & Women,By Appointment,,2017-09-12T00:00:00.000Z,1500 GALEN STREET SE,401426.42,132809.17,38.86309964,-76.98356446,Ward 8,7503,20020,277592,,100,DC Address,
-76.989354949870844,38.921687668228316,75,Unity Health,Brentwood Health Center (Ward 5),"With 10 neighborhood locations, convenient hours and a full-range of services, Unity is ready to be your medical home. To make an appointment call our patient scheduling center at (202) 469-4699.",https://unityhealthcare.org/find-a-center/,"1251-B Saratoga Avenue, NE",Washington,DC,,38.921873,-76.989444,,,,,,,,,,,,,,,,,,,,,,,,,,,,,,,,,,,,,,,,,,Men & Women,By Appointment,,2017-09-12T00:00:00.000Z,1251 SARATOGA AVENUE NE,400923.31,139312,38.92168021,-76.98935267,Ward 5,9102,20018,69666,Address Number: Missing,100,DC Address,
-77.03881270520165,38.924898308572587,76,Unity Health,Columbia Road Health Services (Ward 1),"With 10 neighborhood locations, convenient hours and a full-range of services, Unity is ready to be your medical home. To make an appointment call our patient scheduling center at (202) 469-4699.",https://unityhealthcare.org/find-a-center/,"1660 Columbia Road, NW",Washington,DC,,38.924897,-77.038699,,,,,,,,,,,,,,,,,,,,,,,,,,,,,,,,,,,,,,,,,,Men & Women,By Appointment,,2017-09-12T00:00:00.000Z,1660 COLUMBIA ROAD NW,396634.61,139669.07,38.92489085,-77.03881041,Ward 1,3800,20009,276384,,100,DC Address,
-76.937511861154178,38.891172140230687,77,Unity Health,East of the River Health Center (Ward 7),"With 10 neighborhood locations, convenient hours and a full-range of services, Unity is ready to be your medical home. To make an appointment call our patient scheduling center at (202) 469-4699.",https://unityhealthcare.org/find-a-center/,"123 45th Street, NE",Washington,DC,,38.891162,-76.937481,,,,,,,,,,,,,,,,,,,,,,,,,,,,,,,,,,,,,,,,,,Men & Women,By Appointment,,2017-09-12T00:00:00.000Z,123 45TH STREET NE,405421.33,135926.33,38.89116469,-76.9375096,Ward 7,7803,20019,301415,,100,DC Address,
-76.951308445216199,38.893930944093469,78,Unity Health,Minnesota Ave Health Center (Ward 7),"With 10 neighborhood locations, convenient hours and a full-range of services, Unity is ready to be your medical home. To make an appointment call our patient scheduling center at (202) 469-4699.",https://unityhealthcare.org/find-a-center/,"3924 Minnesota Avenue, NE",Washington,DC,,38.893959,-76.951411,,,,,,,,,,,,,,,,,,,,,,,,,,,,,,,,,,,,,,,,,,Men & Women,By Appointment,,2017-09-12T00:00:00.000Z,3924 MINNESOTA AVENUE NE,404224.25,136231.85,38.89392349,-76.95130618,Ward 7,9603,20019,288039,,100,DC Address,
-76.947464867308241,38.900428184523008,79,Unity Health,Parkside Health Center (Ward 7),"With 10 neighborhood locations, convenient hours and a full-range of services, Unity is ready to be your medical home. To make an appointment call our patient scheduling center at (202) 469-4699.",https://unityhealthcare.org/find-a-center/,"765 Kenilworth Terrace, NE",Washington,DC,,38.900507,-76.947502,,,,,,,,,,,,,,,,,,,,,,,,,,,,,,,,,,,,,,,,,,Men & Women,By Appointment,,2017-09-12T00:00:00.000Z,765 KENILWORTH TERRACE NE,404557.27,136953.28,38.90042073,-76.9474626,Ward 7,9602,20019,310407,,100,DC Address,
-77.01242853400872,38.879542423823999,80,Unity Health,Southwest Health Center (Ward 6),"With 10 neighborhood locations, convenient hours and a full-range of services, Unity is ready to be your medical home. To make an appointment call our patient scheduling center at (202) 469-4699.",https://unityhealthcare.org/find-a-center/,"850 Delaware Avenue, SW",Washington,DC,,38.879612,-77.012422,,,,,,,,,,,,,,,,,,,,,,,,,,,,,,,,,,,,,,,,,,Men & Women,By Appointment,,2017-09-12T00:00:00.000Z,850 DELAWARE AVENUE SW,398921.79,134633.56,38.87953497,-77.01242625,Ward 6,10500,20024,276851,,100,DC Address,
-76.98064729191421,38.849275366276181,81,Unity Health,Stanton Road Health Center (Ward 8),"With 10 neighborhood locations, convenient hours and a full-range of services, Unity is ready to be your medical home. To make an appointment call our patient scheduling center at (202) 469-4699.",https://unityhealthcare.org/find-a-center/,"3240 Stanton Road, SE",Washington,DC,,38.849224,-76.980595,,,,,,,,,,,,,,,,,,,,,,,,,,,,,,,,,,,,,,,,,,Men & Women,By Appointment,,2017-09-12T00:00:00.000Z,3240 STANTON ROAD SE,401680.12,131273.8,38.84926792,-76.98064502,Ward 8,7404,20020,156534,,100,DC Address,
-77.033032545196946,38.928177491335866,82,Unity Health,Upper Cardozo Health Center (Ward 1),"With 10 neighborhood locations, convenient hours and a full-range of services, Unity is ready to be your medical home. To make an appointment call our patient scheduling center at (202) 469-4699.",https://unityhealthcare.org/find-a-center/,"3020 14th Street, NW",Washington,DC,,38.928161,-77.033007,,,,,,,,,,,,,,,,,,,,,,,,,,,,,,,,,,,,,,,,,,Men & Women,By Appointment,,2017-09-12T00:00:00.000Z,3020 14TH STREET NW,397135.96,140032.89,38.92817003,-77.03303025,Ward 1,2802,20009,242939,,100,DC Address,
-77.007674783465774,38.906658751347372,83,Unity Health,Walker Jones Health Center (Ward 6),"With 10 neighborhood locations, convenient hours and a full-range of services, Unity is ready to be your medical home. To make an appointment call our patient scheduling center at (202) 469-4699.",https://unityhealthcare.org/find-a-center/,"40 Patterson Street, NE",Washington,DC,,38.906652,-77.007887,,,,,,,,,,,,,,,,,,,,,,,,,,,,,,,,,,,,,,,,,,Men & Women,By Appointment,,2017-09-12T00:00:00.000Z,40 PATTERSON STREET NE,399334.52,137643.64,38.9066513,-77.0076725,Ward 6,10600,20002,28515,,100,DC Address,
-77.013299219786091,38.895511573694968,84,Jobs Have Priority,DC HEAC,"JHP operates an employment center out of the lobby of Federal City Shelter. At this location we connect clients to mainstream resources for which they may be eligible. We offer life skills, employment soft skills and vocational training; and provide computer training and Internet access, financial literacy education, housing placements and rental assistance, supportive services funds and referrals to JHP’s employer partners. ",https://www.jobshavepriority.org/employment-assistance,"425 2nd Street, NW,",Washington,DC,,38.895439,-77.013292,,,,,,,,,Yes,,,,,,,,,,,,,,,,,,,,,,,,,,,,,,,Yes,,Men & Women,Yes,,2017-09-12T00:00:00.000Z,425 2ND STREET NW,398846.5,136406.27,38.89550412,-77.01329693,Ward 6,5900,20001,299726,,100,DC Address,
-76.983622240282401,38.926011089758859,85,Department of Veterans Affairs,Community Resource & Referral Center,"The CRRC is the first of its kind in the Washington DC area and serves as a 24/7 hub to combat homelessness among Veterans. Although not a shelter, the CRRC provides services to assist Veterans and their family members.
The building includes a Primary Care Clinic, a complete kitchen, laundry and shower facilities, a food pantry and a play room for children, as well as a host of other community services. (Please note that not all offices are open 24/7.)",https://www.washingtondc.va.gov/locations/Community_Resource_and_Referral_Center_CRRC.asp,1500 Franklin Street NE,Washington,DC,,38.926017,-76.983617,,,,,,Yes,,,,,Yes,,Yes,,,,,,,,Yes,,,,Yes,,,,,,,,,,,,,,,,,Men & Women,Yes,,2017-09-12T00:00:00.000Z,1500 FRANKLIN STREET NE,401420.35,139792.01,38.92600363,-76.98361996,Ward 5,9301,20018,62549,,100,DC Address,
-76.994539516173589,38.883646999902851,86,The Community Partnership,Administrative Offices,"The Community Partnership is an independent, non-profit corporation that coordinates the District of Columbia’s Continuum of Care on behalf of the city. Through the work of our providers, the D.C. Continuum of Care includes prevention services, street outreach efforts, emergency shelter, transitional housing and permanent supportive housing for individuals and families.
 A recognized leader among Continuums of Care nationwide, the Community Partnership was established in 1989. As our name suggests, we work to do more than provide shelter for the homeless. Our goal is to utilize community resources to create innovative strategies that prevent homelessness in our city.",http://www.community-partnership.org/,"801 Pennsylvania Avenue, SE, Suite 360",Washington,DC,,38.883601,-76.994593,,,,,,,,,,,,,,,,,,,,,,,,,,,,,,,,,,,,,,,,,,Men & Women,No,,2017-09-12T00:00:00.000Z,801 PENNSYLVANIA AVENUE SE,400473.97,135089.14,38.88363955,-76.99453724,Ward 6,7000,20003,280150,,100,DC Address,
-76.978627807395,38.865915649665844,87,DC Public Library,Anacostia Library,"The District of Columbia Public Library (DCPL) is the public library system for residents of Washington, D.C. The system includes 25 individual libraries.",https://www.dclibrary.org/node/10364,1800 Good Hope Road SE,Washington,DC,,38.865981,-76.978538,,,,,Yes,,,,Yes,,,,,,,,,,,Yes,,Yes,,,,,,,,,,,,,,,,,,Yes,,Men & Women,Yes,,2017-09-12T00:00:00.000Z,1800 GOOD HOPE ROAD SE,401854.99,133121.03,38.8659082,-76.97862553,Ward 8,7605,20020,53560,,100,DC Address,
-76.929579473743573,38.888962286299915,88,DC Public Library,Capitol View Library,"The District of Columbia Public Library (DCPL) is the public library system for residents of Washington, D.C. The system includes 25 individual libraries.",https://www.dclibrary.org/node/10368,5001 Central Ave SE,Washington,DC,,38.888942,-76.929568,,,,,Yes,,,,Yes,,,,,,,,,,,,,Yes,,,,,,,,,,,,,,,,,,Yes,,Men & Women,Yes,,2017-09-12T00:00:00.000Z,5001 CENTRAL AVENUE SE,406109.69,135681.52,38.88895483,-76.92957721,Ward 7,9904,20019,15509,,100,DC Address,
-77.044550214634967,38.902192364658568,99,DC Public Library,Library Express,"The District of Columbia Public Library (DCPL) is the public library system for residents of Washington, D.C. The system includes 25 individual libraries.",https://www.dclibrary.org/node/56917,"1990 K St., NW",Washington,DC,,38.901927,-77.044521,Yes,Yes,,,Yes,,,,Yes,,,,,,,,,,,,,Yes,,,,,,,,,,,,,,,,,,Yes,,Men & Women,Yes,,2017-09-12T00:00:00.000Z,1990 K STREET NW,396135.86,137148.75,38.90218491,-77.04454792,Ward 2,10700,20006,218576,,100,DC Address,
-76.996361272568578,38.894414334422898,100,DC Public Library,Northeast Library,"The District of Columbia Public Library (DCPL) is the public library system for residents of Washington, D.C. The system includes 25 individual libraries.",https://www.dclibrary.org/node/10388,330 7th St. NE,Washington,DC,,38.894397,-76.996411,,,,,Yes,,,,Yes,,,,,,,,,,,,,Yes,,,,,,,,,,,,,,,,,,Yes,,Men & Women,Yes,,2017-09-12T00:00:00.000Z,330 7TH STREET NE,400315.86,136284.39,38.89440688,-76.99635899,Ward 6,8302,20002,37106,,100,DC Address,
-76.981253592330461,38.846194308105964,101,DC Public Library,Parklands-Turner Library,"The District of Columbia Public Library (DCPL) is the public library system for residents of Washington, D.C. The system includes 25 individual libraries.",https://www.dclibrary.org/node/10394,1547 Alabama Ave. SE,Washington,DC,,38.846174,-76.981145,,,,,Yes,,,,Yes,,,,,,,,,,,,,Yes,,,,,,,,,,,,,,,,,,Yes,,Men & Women,Yes,,2017-09-12T00:00:00.000Z,1547 ALABAMA AVENUE SE,401627.56,130931.77,38.84618686,-76.98125132,Ward 8,7304,20032,304504,,100,DC Address,
-77.022220648406119,38.912449616289742,102,DC Public Library,Shaw Library,"The District of Columbia Public Library (DCPL) is the public library system for residents of Washington, D.C. The system includes 25 individual libraries.",https://www.dclibrary.org/node/10408,1630 7th St. NW,Washington,DC,,38.912373,-77.022493,,,,,Yes,,,,Yes,,,,,,,,,,,Yes,,Yes,,,,,,,,,,,,,,,,,,Yes,,Men & Women,Yes,,2017-09-12T00:00:00.000Z,1630 7TH STREET NW,398073.03,138286.68,38.91244216,-77.02221836,Ward 6,4901,20001,308201,,100,DC Address,
-77.015834068539846,38.878705402196999,103,DC Public Library,Southwest Library,"The District of Columbia Public Library (DCPL) is the public library system for residents of Washington, D.C. The system includes 25 individual libraries.",https://www.dclibrary.org/node/10400,900 Wesley Place SW,Washington,DC,,38.878681,-77.015819,,,,,Yes,,,,Yes,,,,,,,,,,,Yes,,Yes,,,,,,,,,,,,,,,,,,Yes,,Men & Women,Yes,,2017-09-12T00:00:00.000Z,900 WESLEY PLACE SW,398626.28,134540.69,38.87869795,-77.01583178,Ward 6,10200,20024,295165,,100,DC Address,
-77.054860116048545,38.899387729142568,104,DC Public Library,West End Library,"The District of Columbia Public Library (DCPL) is the public library system for residents of Washington, D.C. The system includes 25 individual libraries.",https://www.dclibrary.org/node/10410,2522 Virginia Ave. NW,Washington,DC,,38.898894,-77.054329,,,,,Yes,,,,Yes,,,,,,,,,,,,,Yes,,,,,,,,,,,,,,,,,,Yes,,Men & Women,Yes,,2017-09-12T00:00:00.000Z,2522 VIRGINIA AVENUE NW,395241.38,136837.9,38.89938028,-77.05485782,Ward 2,5600,20037,300836,,100,DC Address,
-76.947773320419955,38.894188678043136,105,DC Public Library,Benning Library,"The District of Columbia Public Library (DCPL) is the public library system for residents of Washington, D.C. The system includes 25 individual libraries.",https://www.dclibrary.org/node/10366,3935 Benning Rd. NE,Washington,DC,,38.894118,-76.947829,,,,,Yes,,,,Yes,,,,,,,,,,,,,Yes,,,,,,,,,,,,,,,,,,Yes,,Men & Women,Yes,,2017-09-12T00:00:00.000Z,3935 BENNING ROAD NE,404530.91,136260.63,38.89418122,-76.94777105,Ward 7,9603,20019,295144,,100,DC Address,
-77.06520329233723,38.946233089840099,106,DC Public Library,Cleveland Park Library,"The District of Columbia Public Library (DCPL) is the public library system for residents of Washington, D.C. The system includes 25 individual libraries.",https://www.dclibrary.org/node/10372,4340 Connecticut Ave NW,Washington,DC,,38.946214,-77.065222,,,,,Yes,,,,Yes,,,,,,,,,,,,,Yes,,,,,,,,,,,,,,,,,,Yes,,Men & Women,Yes,,2017-09-12T00:00:00.000Z,4340 CONNECTICUT AVENUE NW,394347.88,142038.72,38.94622563,-77.06520099,Ward 3,1200,20008,223153,,100,DC Address,
-77.066009610754705,38.913442017065805,107,DC Public Library,Georgetown Library,"The District of Columbia Public Library (DCPL) is the public library system for residents of Washington, D.C. The system includes 25 individual libraries.",https://www.dclibrary.org/node/10378,3260 R St. NW,Washington,DC,,38.913404,-77.066032,,,,,Yes,,,,Yes,,,,,,,,,,,Yes,,Yes,,,,,,,,,,,,,,,,,,Yes,,Men & Women,Yes,,2017-09-12T00:00:00.000Z,3260 R STREET NW,394275.35,138398.68,38.91343456,-77.06600731,Ward 2,100,20007,295142,,100,DC Address,
-77.024768545489493,38.898699116427295,108,DC Public Library,MLK Jr. Library,"The District of Columbia Public Library (DCPL) is the public library system for residents of Washington, D.C. The system includes 25 individual libraries.",https://www.dclibrary.org/node/56887,901 G St. NW,Washington,DC,,38.898695,-77.024782,,,,,Yes,,,,Yes,,,,,,,,,,,,,Yes,,,,,,,,,,,,,,,,,,Yes,,Men & Women,Yes,,2017-09-12T00:00:00.000Z,901 G STREET NW,397851.64,136760.32,38.89869166,-77.02476625,Ward 2,5800,20001,239815,,100,DC Address,
-77.013619115923632,38.904010204550168,109,DC Public Library,Northwest One Library,"The District of Columbia Public Library (DCPL) is the public library system for residents of Washington, D.C. The system includes 25 individual libraries.",https://www.dclibrary.org/node/10390,155 L St. NW,Washington,DC,,38.904037,-77.013406,,,,,Yes,,,,Yes,,,,,,,,,,,,,Yes,,,,,,,,,,,,,,,,,,Yes,,Men & Women,Yes,,2017-09-12T00:00:00.000Z,155 L STREET NW,398818.89,137349.69,38.90400275,-77.01361683,Ward 6,4701,20001,307736,,100,DC Address,
-77.026139719672315,38.942207685179035,110,DC Public Library,Petworth Library,"The District of Columbia Public Library (DCPL) is the public library system for residents of Washington, D.C. The system includes 25 individual libraries.",https://www.dclibrary.org/node/10396,4200 Kansas Ave. NW,Washington,DC,,38.94216,-77.026059,,,,,Yes,,,,Yes,,,,,,,,,,,Yes,,Yes,,,,,,,,,,,,,,,,,,Yes,,Men & Women,Yes,,2017-09-12T00:00:00.000Z,4200 KANSAS AVENUE NW,397734.08,141590.17,38.94220022,-77.02613743,Ward 4,2501,20011,295146,,100,DC Address,
-77.027037745680673,38.980288354068108,111,DC Public Library,Shepherd Park Library,"The District of Columbia Public Library (DCPL) is the public library system for residents of Washington, D.C. The system includes 25 individual libraries.",https://www.dclibrary.org/node/10380,7420 Georgia Ave. NW,Washington,DC,,38.980314,-77.026951,,,,,Yes,,,,Yes,,,,,,,,,,,,,Yes,,,,,,,,,,,,,,,,,,Yes,,Men & Women,Yes,,2017-09-12T00:00:00.000Z,7420 GEORGIA AVENUE NW,397657.48,145817.5,38.98028088,-77.02703545,Ward 4,1600,20012,253522,,100,DC Address,
-77.020159161307575,38.974444213197451,112,DC Public Library,Takoma Library,"The District of Columbia Public Library (DCPL) is the public library system for residents of Washington, D.C. The system includes 25 individual libraries.",https://www.dclibrary.org/node/10402,416 Cedar St. NW,Washington,DC,,38.974494,-77.020152,,,,,Yes,,,,Yes,,,,,,,,,,,,,Yes,,,,,,,,,,,,,,,,,,Yes,,Men & Women,Yes,,2017-09-12T00:00:00.000Z,416 CEDAR STREET NW,398253.34,145168.59,38.97443675,-77.02015687,Ward 4,1702,20012,251267,,100,DC Address,
-76.978627934199409,38.927448190698442,113,DC Public Library,Woodridge Library,"The District of Columbia Public Library (DCPL) is the public library system for residents of Washington, D.C. The system includes 25 individual libraries.",https://www.dclibrary.org/node/10412,1801 Hamlin Street NE,Washington,DC,,38.927403,-76.978631,,,,,Yes,,,,Yes,,,,,,,,,,,Yes,,Yes,,,,,,,,,,,,,,,,,,Yes,,Men & Women,Yes,,2017-09-12T00:00:00.000Z,1801 HAMLIN STREET NE,401853.38,139951.63,38.92744073,-76.97862566,Ward 5,11100,20018,286483,,100,DC Address,
